,at.exe,audit.exe,curl.exe,hashes.db,notepad32.exe,notepad64.exe,powershell32.exe,powershell64.exe,python.exe,rdpclip.exe,schtasks.exe
at.exe,1.0,0.10364683301343569,0.05105438401775808,,0.05764192139737989,0.06166219839142095,0.04350132625994696,0.04244031830238726,0.09213051823416507,0.04562334217506636,0.07051909892262487
audit.exe,0.10364683301343569,1.0,0.19798173954829412,,0.1629213483146067,0.1912195121951219,0.13031423290203326,0.10628465804066545,0.10999999999999999,0.19500924214417747,0.23538461538461541
curl.exe,0.05105438401775808,0.19798173954829412,1.0,,0.24621072088724583,0.23070251517779705,0.1561683599419449,0.1492017416545719,0.08265257087938493,0.4528301886792453,0.3177063153816351
hashes.db,,,,,,,,,,,
notepad32.exe,0.05764192139737989,0.1629213483146067,0.24621072088724583,,1.0,0.19890842935112185,0.14921090387374458,0.14418938307030127,0.1292134831460674,0.20588235294117652,0.23492723492723488
notepad64.exe,0.06166219839142095,0.1912195121951219,0.23070251517779705,,0.19890842935112185,1.0,0.1138551695269987,0.12641272498953537,0.09756097560975607,0.20761825031393888,0.2032786885245902
powershell32.exe,0.04350132625994696,0.13031423290203326,0.1561683599419449,,0.14921090387374458,0.1138551695269987,1.0,0.8373015873015873,0.09889094269870613,0.15136054421768708,0.23873873873873874
powershell64.exe,0.04244031830238726,0.10628465804066545,0.1492017416545719,,0.14418938307030127,0.12641272498953537,0.8373015873015873,1.0,0.09981515711645106,0.13888888888888884,0.21096096096096095
python.exe,0.09213051823416507,0.10999999999999999,0.08265257087938493,,0.1292134831460674,0.09756097560975607,0.09889094269870613,0.09981515711645106,1.0,0.055452865064695045,0.10769230769230764
rdpclip.exe,0.04562334217506636,0.19500924214417747,0.4528301886792453,,0.20588235294117652,0.20761825031393888,0.15136054421768708,0.13888888888888884,0.055452865064695045,1.0,0.28303303303303307
schtasks.exe,0.07051909892262487,0.23538461538461541,0.3177063153816351,,0.23492723492723488,0.2032786885245902,0.23873873873873874,0.21096096096096095,0.10769230769230764,0.28303303303303307,1.0
